"condition","total","HE_fibro","HE_pct"
"DM",4647,149,3.20636970088229
"Healing",9964,1575,15.806904857487
"Healthy",12224,513,4.19666230366492
"NonHealing",4184,158,3.77629063097514
